codigo,examen1,examen2,examen3,examen4,examen5,examen6,examen7,examen8,examen9,examen10
"001",1.091,2.085,4.722,1.341,3.07,2.544,2.327,2.582,0.62,1.659
"002",0.368,0.837,2.722,2.029,2.29,1.249,4.512,3.9,2.859,4.33
"003",3.38,2.586,0.062,1.644,1.109,1.433,1.122,4.985,3.583,2.545
"004",2.572,4.214,0.94,3.493,3.03,0.252,0.902,2.058,2.912,3.278
"005",3.064,1.039,2.782,1.758,2.193,0.307,1.565,1.463,3.95,3.178
"006",3.462,1.11,1.511,1.481,2.077,0.762,0.325,1.95,1.29,2.694
"007",1.175,3.544,4.497,2.905,4.721,2.459,2.487,0.775,1.188,3.955
"008",3.664,2.412,4.746,2.447,2.227,3.327,3.746,4.917,3.613,0.889
"009",1.671,4.656,1.536,3.01,1.713,3.783,0.147,1.972,1.727,1.565
"0010",1.213,3.832,4.968,2.388,0.141,1.323,2.854,4.54,3.465,3.708
"0011",3.332,0.168,1.468,0.276,0.697,4.063,0.674,4.394,3.834,3.18
"0012",4.922,2.082,1.233,1.034,2.352,4.02,2.907,0.343,1.802,4.442
"0013",1.073,3.259,4.111,1.704,0.064,0.832,2.725,3.995,1.695,4.106
"0014",1.669,4.466,2.941,1.545,1.526,4.504,2.064,3.637,3.121,0.625
"0015",3.419,1.51,4.67,2.967,1.608,3.981,3.364,1.649,0.814,0.848
"0016",4.083,3.843,0.207,3.712,1.279,3.743,2.006,4.918,0.498,3.998
"0017",2.918,0.174,0.156,1.092,2.898,3.504,4.045,3.164,3.748,3.72
"0018",0.611,2.419,1.46,4.574,3.596,2.159,0.492,3.75,4.736,1.218
"0019",4.04,0.174,4.214,4.286,2.488,3.183,3.321,1.982,2.862,3.222
"0020",1.001,2.431,3.703,4.824,3.567,1.466,1.767,0.591,4.779,2.291
"0021",4.734,1.642,1.506,0.697,2.796,3.368,2.574,2.316,4.55,0.298
"0022",3.819,4.514,4.812,3.832,2.783,0.082,2.362,3.454,2.902,1.312
"0023",1.503,4.728,1.876,0.836,4.791,4.086,2.333,2.873,1.05,0.627
"0024",1.821,3.684,4.296,1.106,0.044,4.68,2.702,2.072,4.307,1.125
"0025",3.721,3.021,2.06,2.985,0.88,0.978,1.414,3.422,2.263,4.816
"0026",4.628,3.814,1.499,2.219,2.149,2.718,4.004,4.694,4.684,2.403
"0027",3.766,3.125,3.915,3.201,0.204,1.922,4.484,1.868,4.468,0.567
"0028",3.205,2.719,3.996,2.879,0.553,2.092,0.355,3.317,1.422,1.453
"0029",4.184,3.462,1.019,4.634,1.008,0.01,3.599,3.247,0.491,3.924
"0030",2.078,3.562,3.668,0.073,3.521,0.7,4.746,1.945,0.029,2.01
"0031",1.252,4.931,4.216,1.085,3.944,4.182,4.301,0.351,3.545,4.261
"0032",0.006,0.315,1.682,1.661,4.715,1.196,0.601,3.144,0.876,3.719
"0033",4.131,4.012,3.914,0.848,4.259,1.135,2.31,3.431,1.888,2.326
"0034",4.79,1.255,1.682,4.721,4.981,0.89,3.948,2.899,0.784,0.553
"0035",4.832,4.244,3.612,1.1,1.283,3.428,3.991,3.828,4.971,0.843
"0036",0.676,4.218,3.644,0.401,3.618,2.615,2.153,0.168,0.756,4.82
"0037",3.722,2.668,3.815,2.213,2.768,1.762,1.43,0.383,0.632,2.218
"0038",4.222,0.774,3.311,2.15,3.41,4.581,1.819,0.275,1.9,1.591
"0039",2.075,1.944,4.517,4.365,1.214,2.394,4.154,2.374,3.665,3.727
"0040",1.456,1.741,4.545,2.358,1.596,3.32,4.226,2.165,3.031,1.419
"0041",1.985,2.243,0.771,0.652,1.645,3.478,1.233,4.03,0.636,3.176
"0042",4.155,0.348,2.825,3.509,3.14,2.667,4.988,4.466,4.834,0.059
"0043",1.03,1.211,0.211,2.167,4.316,4.876,1.346,4.157,3.139,1.579
"0044",4.341,2.659,1.382,3.051,1.734,2.6,2.837,3.045,2.558,3.776
"0045",4.017,3.5,0.707,3.96,1.635,4.838,4.904,4.889,2.52,3.366
"0046",2.827,0.397,1.373,0.468,3.368,1.517,1.98,2.013,1.36,4.135
"0047",3.471,2.108,4.579,0.848,4.798,1.29,2.72,1.21,3.866,2.949
"0048",4.052,3.194,4.463,1.89,3.458,3.087,3.73,3.203,0.897,0.016
"0049",1.832,2.806,2.633,0.152,1.754,0.359,4.846,4.616,1.189,0.413
"0050",4.86,1.784,4.787,0.449,0.417,0.919,2.08,3.566,3.188,3.824
"0051",1.395,0.108,4.747,0.935,0.657,0.017,4.404,4.567,4.375,3.822
"0052",1.732,1.703,1.946,1.31,2.654,1.729,4.762,3.662,1.217,0.874
"0053",1.853,4.342,2.157,2.951,0.928,1.2,1.377,2.821,2.671,1.253
"0054",3.288,4.565,4.182,4.823,3.606,4.618,4.84,0.705,1.513,3.29
"0055",3.483,3.239,1.35,2.722,1.827,3.225,0.99,4.326,4.229,3.445
"0056",4.808,2.783,2.863,3.222,1.203,0.167,0.932,4.592,2.996,0.098
"0057",2.926,2.741,3.174,3.163,0.405,3.818,4.199,1.421,2.683,0.992
"0058",3.297,2.129,2.174,3.243,4.839,3.712,1.056,3.338,0.792,1.146
"0059",3.233,0.429,2.492,2.263,4.423,3.138,2.606,2.149,1.209,0.187
"0060",0.575,0.369,3.949,1.213,4.002,1.607,2.599,0.952,0.137,0.463
"0061",2.016,0.43,2.881,3.255,2.04,4.313,2.265,3.035,0.147,1.091
"0062",2.205,0.552,3.315,0.829,3.196,1.684,0.893,2.98,0.978,0.211
"0063",3.18,3.077,2.577,2.866,4.884,0.949,4.268,3.66,4.785,3.531
"0064",4.214,1.445,3.465,3.076,2.923,2.513,3.66,0.083,4.404,2.861
"0065",4.759,4.522,1.794,3.751,1.874,3.999,2.169,0.241,3.853,0.054
"0066",3.452,0.591,0.954,2.983,2.687,3.988,4.967,4.577,0.211,4.244
"0067",2.93,2.742,0.793,4.026,4.425,1.969,3.436,1.399,3.896,4.012
"0068",4.143,4.568,0.932,1.717,3.764,2.657,1.777,2.344,1.447,3.362
"0069",2.039,1.566,3.033,3.859,0.785,0.924,0.354,3.418,0.859,1.756
"0070",4.024,3.497,1.989,0.839,1.024,3.486,3.925,0.911,0.417,2.131
"0071",4.704,2.895,1.198,3.882,3.803,2.822,1.12,3.485,0.557,3.73
"0072",0.148,3.925,4.738,3.305,1.185,4.3,3.323,2.896,1.015,1.054
"0073",4.733,2.976,1.18,2.145,4.346,4.718,4.506,0.151,4.92,4.711
"0074",3.08,0.343,1.722,1.314,4.463,4.934,4.779,2.692,3.341,0.948
"0075",2.021,3.651,3.206,0.758,0.001,4.274,0.87,2.605,2.795,2.935
"0076",4.983,2.354,3.737,0.454,1.027,2.98,3.108,1.554,4.977,3.834
"0077",4.178,2.795,0.604,2.919,3.54,2.148,4.955,2.27,4.259,1.26
"0078",3.396,3.723,1.414,3.926,1.932,0.11,3.494,1.801,0.874,4.841
"0079",4.877,1.894,4.11,0.767,1.845,4.144,3.69,1.287,2.446,1.553
"0080",3.859,0.335,1.052,1.624,0.797,2.407,4.464,3.152,0.378,3.184
"0081",3.244,0.948,2.428,1.837,2.461,1.554,2.522,4.369,4.749,4.726
"0082",0.542,1.354,4.331,0.179,0.417,3.844,4.521,3.84,3.692,1.939
"0083",0.026,2.175,2.739,4.244,0.206,3.592,1.171,0.569,1.597,1.947
"0084",4.608,0.611,2.319,4.115,0.211,2.432,3.913,3.044,2.459,0.306
"0085",2.315,2.769,3.522,4.012,1.489,4.136,3.59,2.186,1.438,1.087
"0086",3.946,0.631,1.005,4.538,1.712,1.373,0.198,4.659,3.904,1.123
"0087",3.556,0.915,3.404,1.676,4.259,4.445,1.738,4.998,1.843,1.827
"0088",4.53,1.332,4.455,2.095,1.551,4.103,0.908,0.919,1.492,1.967
"0089",0.104,0.607,1.961,2.979,0.219,1.107,2.019,2.366,3.908,1.342
"0090",0.149,4.687,4.229,2.517,4.423,3.942,0.233,2.756,2.52,4.77
"0091",2.879,2.328,3.315,3.277,4.023,1.612,4.3,0.535,4.877,1.243
"0092",3.744,4.66,0.272,0.192,1.836,2.429,4.346,3.343,0.281,2.012
"0093",0.323,4.598,1.145,0.537,2.527,0.503,0.125,1.278,1.319,3.257
"0094",4.981,0.136,1.822,2.719,0.827,4.516,2.284,3.071,1.924,2.758
"0095",4.117,2.84,4.594,1.239,3.658,3.157,1.354,1.125,3.091,3.564
"0096",4.929,2.916,3.91,3.222,3.46,1.663,3.674,1.72,2.435,4.681
"0097",1.288,0.351,2.52,1.746,1.55,4.055,0.946,1.677,2.794,0.499
"0098",4.397,1.643,2.518,4.215,0.314,3.579,1.296,2.914,4.287,2.053
"0099",3.157,1.015,1.189,2.307,3.571,3.821,3.066,3.389,3.57,2.867
"0100",4.244,0.03,3.111,2.366,4.902,1.916,3.728,4.497,3.559,2.739
"0101",0.644,0.583,4.929,4.626,3.924,2.086,2.922,0.183,3.944,2.555
"0102",4.658,3.958,3.281,2.156,0.375,1.619,2.894,3.243,0.072,0.967
"0103",3.973,3.441,1.79,1.255,2.229,1.425,1.102,2.068,1.539,3.697
"0104",0.141,1.532,0.537,3.47,1.688,1.295,1.241,2.964,2.164,1.879
"0105",4.217,1.486,1.351,0.978,2.51,0.968,0.784,1.331,3.189,0.799
"0106",2.374,4.239,0.649,0.469,2.394,3.883,2.457,1.131,2.246,1.466
"0107",1.226,0.252,0.798,4.767,0.009,3.486,2.721,1.888,2.996,3.528
"0108",3.581,3.75,2.684,0.539,2.673,2.864,3.366,1.948,1.854,0.681
"0109",1.798,0.841,3.933,2.319,3.589,2.945,3.486,2.703,0.408,1.702
"0110",3.737,1.458,1.262,3.515,4.953,3.12,3.394,3.234,3.308,4.851
"0111",0.302,3.11,4.599,1.144,3.311,2.474,2.97,2.04,3.835,1.064
"0112",3.432,2.91,0.565,1.264,2.775,0.72,0.332,3.419,3.961,2.976
"0113",2.025,3.669,3.944,4.907,2.999,0.726,4.297,0.238,2.659,0.666
"0114",0.238,3.261,0.207,3.497,2.829,3.63,0.939,3.062,1.953,3.321
"0115",4.186,4.913,3.238,2.424,3.627,3.041,0.489,3.953,2.233,4.064
"0116",3.698,3.611,2.145,1.3,4.328,4.212,4.359,1.624,1.333,0.215
"0117",2.677,1.707,3.106,0.373,0.197,3.7,3.64,0.553,1.12,0.155
"0118",2.897,0.416,1.493,4.773,4.889,3.173,0.93,2.306,3.114,3.83
"0119",1.975,4.535,4.103,2.417,1.712,4.192,2.046,2.046,3.843,4.074
"0120",0.129,4.507,1.955,2.96,3.47,4.345,0.279,0.308,3.975,1.266
"0121",2.559,4.037,3.313,1.371,3.34,1.06,1.19,3.852,0.134,3.316
"0122",4.359,0.822,4.41,2.34,4.827,2.895,4.326,4.273,4.764,0.984
"0123",1.457,0.316,4.398,4.468,0.17,2.026,1.182,1.358,1.748,2.602
"0124",1.938,0.577,0.723,4.973,1.506,3.783,1.983,3.194,0.614,2.387
"0125",2.56,2.094,0.71,2.648,4.995,4.536,0.08,3.152,0.964,0.458
"0126",1.834,3.308,2.987,2.71,4.791,1.012,1.037,3.378,2.034,2.957
"0127",4.101,1.026,4.421,3.162,1.858,0.61,0.489,4.218,2.644,0.269
"0128",2.418,2.626,2.73,4.989,1.024,4.053,2.83,4.52,1.871,4.337
"0129",4.768,4.281,2.952,3.327,1.632,3.894,2.479,2.904,4.139,3.054
"0130",4.542,0.619,3.67,2.736,0.905,3.463,4.386,2.75,2.364,3.773
"0131",1.688,4.484,2.829,3.942,1.434,4.741,4.248,4.432,2.867,0.526
"0132",0.259,3.442,3.043,3.734,4.612,4.216,2.822,2.183,0.761,3.676
"0133",3.28,3.94,3.701,0.302,1.028,2.515,3.461,0.619,3.798,3.711
"0134",2.656,4.163,2.125,3.901,3.348,3.034,1.695,0.598,2.284,2.918
"0135",4.13,3.494,4.063,3.17,4.436,1.558,3.121,1.039,4.897,1.384
"0136",3.193,4.739,4.762,4.675,1.144,3.629,2.07,3.38,4.986,0.31
"0137",2.739,3.16,0.525,3.925,3.363,0.887,0.696,2.086,2.859,2.999
"0138",3.936,0.8,1.657,1.311,2.002,4.673,2.076,2.708,1.149,1.566
"0139",3.313,3.342,3.719,0.795,0.664,0.239,2.887,3.328,2.711,1.21
"0140",0.869,5.0,1.314,3.815,2.103,0.388,1.273,3.197,2.514,4.095
"0141",2.944,2.269,3.784,2.711,0.54,4.228,4.54,3.182,3.93,3.727
"0142",3.471,2.35,4.616,4.853,2.238,2.707,2.279,1.877,3.564,0.803
"0143",4.152,2.087,2.155,1.607,1.418,2.589,0.892,0.833,2.56,0.884
"0144",1.929,3.756,1.811,1.332,1.881,4.751,3.852,4.124,0.896,1.686
"0145",1.957,3.412,0.879,4.178,4.845,3.906,3.315,3.581,0.213,1.399
"0146",2.822,4.248,0.858,2.529,2.709,2.993,1.431,4.495,4.547,4.083
"0147",4.966,0.968,4.189,0.612,3.575,0.864,1.017,4.425,0.021,2.167
"0148",3.094,1.171,1.388,2.78,3.079,3.499,0.078,4.437,3.498,1.016
"0149",3.389,1.588,0.799,3.764,3.757,0.909,4.343,1.391,4.857,0.487
"0150",0.372,3.584,3.9,3.869,1.35,3.06,0.508,3.845,2.349,3.399
"0151",3.589,2.277,0.876,0.774,2.678,4.385,2.094,0.904,2.449,4.997
"0152",1.059,0.504,4.194,0.122,1.654,0.529,0.216,2.842,1.527,1.963
"0153",3.664,2.764,4.447,1.993,4.934,0.014,2.492,0.253,1.356,2.742
"0154",0.246,2.984,3.252,0.016,1.206,2.899,1.048,4.452,1.272,1.76
"0155",4.247,2.918,4.156,1.984,4.715,3.801,4.469,1.136,2.279,3.802
"0156",4.327,4.384,4.041,4.132,0.751,1.064,4.605,0.095,1.761,1.387
"0157",0.427,4.86,3.412,2.377,4.773,2.117,0.623,0.606,4.282,2.089
"0158",1.382,4.491,4.66,0.351,1.094,3.835,2.429,2.204,1.739,1.188
"0159",1.613,0.435,4.209,2.145,1.337,0.326,2.915,2.411,3.496,2.622
"0160",4.823,2.444,3.74,3.577,2.416,4.365,4.392,3.049,2.864,2.714
"0161",1.739,2.059,1.25,2.744,2.527,1.284,0.272,1.198,3.131,0.249
"0162",4.333,3.146,4.476,1.698,3.866,2.219,0.74,1.457,4.324,1.544
"0163",0.608,1.686,4.073,0.515,1.57,4.808,1.874,2.124,2.472,2.914
"0164",2.34,0.597,1.571,4.997,4.719,3.325,4.744,2.335,4.696,1.862
"0165",2.285,2.833,4.096,1.891,1.277,2.536,3.743,4.132,2.746,4.443
"0166",4.761,4.637,1.144,0.399,4.973,3.736,1.094,4.667,3.036,1.342
"0167",0.58,2.132,1.224,3.829,4.501,4.284,2.465,1.054,2.579,1.672
"0168",3.531,4.33,0.746,4.804,2.767,0.526,0.575,3.053,1.097,3.232
"0169",1.747,2.816,2.787,0.232,1.696,1.047,3.087,1.008,4.682,1.719
"0170",2.313,2.045,4.141,0.391,1.068,1.981,0.428,2.514,3.318,0.275
"0171",1.994,4.644,2.997,2.937,1.95,1.175,0.695,3.353,1.594,4.487
"0172",3.938,3.065,0.11,0.362,1.124,2.836,3.933,3.369,2.537,2.677
"0173",4.884,1.825,1.682,2.521,3.898,3.968,4.802,2.084,2.336,3.72
"0174",1.374,3.325,1.01,3.011,0.945,3.963,3.814,4.859,3.77,4.786
"0175",2.092,1.495,1.376,2.885,0.779,4.314,3.834,2.508,4.448,1.526
"0176",0.376,2.782,3.211,1.728,4.07,1.407,1.281,3.93,2.411,0.414
"0177",0.266,4.031,3.589,2.827,2.13,0.173,0.393,3.614,0.487,2.746
"0178",0.587,0.921,0.396,3.031,0.486,1.623,4.942,1.803,3.393,3.645
"0179",1.059,3.129,3.024,0.949,3.741,0.824,1.236,0.573,1.835,2.292
"0180",4.747,3.338,3.691,4.363,2.202,1.59,0.988,4.027,2.481,0.555
"0181",3.15,1.575,4.619,1.646,3.534,1.873,2.903,4.658,1.305,0.321
"0182",1.342,3.942,2.921,3.268,3.121,1.13,4.971,3.172,0.59,3.515
"0183",3.74,4.407,1.869,1.548,4.954,4.958,4.775,3.491,1.972,2.266
"0184",4.409,0.155,3.959,4.338,4.547,3.006,1.948,4.137,0.672,2.258
"0185",3.072,0.084,0.716,3.669,0.142,3.498,2.524,2.152,3.087,0.348
"0186",3.723,0.647,0.537,3.198,1.236,1.394,3.951,4.499,1.318,4.424
"0187",0.383,1.288,2.333,4.664,2.405,1.288,1.755,4.05,0.168,3.012
"0188",2.809,0.124,1.274,3.932,4.862,2.782,0.925,0.645,4.022,1.855
"0189",2.288,3.108,3.432,4.526,4.689,2.392,4.783,2.157,0.903,3.338
"0190",4.257,1.972,4.746,1.527,0.882,3.654,3.873,0.514,3.752,1.725
"0191",4.767,2.104,4.83,4.822,3.473,4.417,1.375,2.062,1.515,2.894
"0192",2.075,1.21,1.5,2.314,0.213,3.066,2.552,0.045,1.55,4.12
"0193",1.595,0.439,0.748,4.945,0.278,1.109,1.401,2.223,4.331,0.69
"0194",1.692,3.083,0.491,4.994,1.735,1.102,4.792,0.212,2.949,0.098
"0195",4.014,4.656,3.341,1.113,4.404,0.25,1.715,1.274,1.686,0.076
"0196",3.06,3.918,0.299,1.7,2.675,0.071,4.862,4.405,0.859,3.498
"0197",4.04,0.529,4.078,4.496,1.17,4.749,1.594,0.497,4.466,4.583
"0198",3.85,0.405,3.822,3.772,4.097,1.522,3.616,3.913,4.674,4.016
"0199",3.953,2.959,1.799,3.319,3.457,0.745,3.065,3.693,0.214,0.801
"0200",0.75,2.826,2.169,0.64,4.7,4.505,0.933,2.292,3.126,0.145
"0201",3.783,2.397,2.161,2.899,1.977,3.428,2.628,0.238,3.123,1.106
"0202",3.912,2.788,1.876,3.895,4.634,1.933,3.938,3.845,0.741,3.739
"0203",2.626,1.523,2.946,2.053,4.404,1.233,2.256,4.641,0.929,2.099
"0204",3.045,3.804,0.356,2.477,2.296,0.001,2.301,3.081,0.282,0.596
"0205",0.978,1.228,3.107,0.104,3.412,3.421,4.531,1.11,3.352,1.969
"0206",1.964,2.982,2.253,0.755,4.328,3.627,3.316,4.907,2.211,0.225
"0207",1.98,3.011,4.481,0.457,2.469,4.37,3.678,4.727,3.448,0.286
"0208",2.85,2.075,0.902,4.465,4.026,3.738,4.912,2.383,2.723,4.692
"0209",4.674,3.372,0.638,3.714,2.842,0.409,1.637,4.066,1.751,3.127
"0210",1.295,3.004,2.238,3.503,0.915,2.69,4.851,1.376,0.65,0.928
"0211",4.891,0.792,3.953,1.781,3.455,3.026,0.217,3.885,3.838,4.84
"0212",2.888,1.964,1.325,4.231,1.801,1.397,2.468,0.742,2.5,4.558
"0213",2.955,2.287,3.641,3.138,4.731,2.803,4.535,1.827,3.848,4.001
"0214",3.311,3.326,2.401,3.5,4.785,3.638,3.874,0.682,2.849,2.184
"0215",1.865,4.676,4.495,0.811,1.115,0.291,1.086,0.72,4.336,2.787
"0216",1.668,4.953,3.333,3.903,2.84,4.349,2.485,1.026,1.641,3.15
"0217",0.737,1.833,0.141,1.882,2.874,0.957,1.212,2.496,3.936,2.498
"0218",0.13,2.337,0.583,0.605,4.225,4.778,0.613,1.117,3.993,1.403
"0219",1.308,1.774,1.487,1.691,3.101,3.824,3.149,3.906,3.594,2.495
"0220",2.635,2.254,2.934,2.792,3.85,3.909,4.877,4.939,3.195,4.867
"0221",0.792,2.731,3.256,2.558,0.642,3.783,1.389,0.53,2.664,1.749
"0222",2.552,1.374,1.187,3.866,4.528,4.301,2.593,0.223,1.095,1.171
"0223",3.229,4.608,3.479,4.79,1.712,3.338,1.252,4.665,2.982,2.24
"0224",2.409,3.887,3.583,0.161,0.049,2.612,1.213,1.602,2.001,2.505
"0225",4.197,0.095,2.358,4.384,3.036,4.578,1.974,1.973,1.857,3.03
"0226",1.492,1.267,0.904,2.024,3.385,0.042,2.578,2.654,3.763,1.559
"0227",1.302,1.521,3.775,0.808,4.255,1.364,3.856,1.234,2.638,4.281
"0228",1.245,0.347,0.542,2.264,4.305,3.692,4.284,0.105,4.33,2.758
"0229",0.188,0.449,4.883,2.876,3.123,1.393,0.572,4.076,4.614,0.423
"0230",3.591,4.006,4.132,3.174,0.531,1.229,3.633,2.547,1.43,3.964
"0231",3.29,1.494,1.16,2.539,0.172,2.65,4.536,2.911,1.23,2.465
"0232",1.459,2.598,3.813,2.132,2.102,0.51,1.416,3.391,3.832,0.514
"0233",1.537,0.83,4.704,1.965,2.512,1.066,1.22,0.131,2.013,1.403
"0234",4.743,3.39,2.684,4.306,3.404,3.066,1.894,4.374,3.356,3.761
"0235",3.962,0.386,4.832,0.244,2.174,0.533,1.216,4.937,2.635,3.79
"0236",3.722,1.521,3.616,3.37,1.766,1.077,4.771,4.855,4.749,1.785
"0237",2.404,2.559,3.227,1.884,0.824,0.355,1.023,1.435,3.005,3.774
"0238",0.433,2.894,1.73,1.911,2.54,2.901,4.576,3.294,4.636,0.062
"0239",4.031,1.369,3.233,3.888,3.585,1.773,2.703,2.982,0.54,4.083
"0240",0.565,0.216,1.269,3.546,0.941,1.627,2.448,0.708,3.661,1.694
"0241",4.832,0.248,1.717,3.548,3.498,4.284,2.96,1.288,2.831,3.905
"0242",4.128,1.289,4.132,3.345,1.872,4.976,4.024,3.36,2.346,2.858
"0243",1.476,0.826,0.29,0.611,4.152,0.512,2.079,4.845,4.114,2.497
"0244",1.893,4.709,1.231,3.03,2.74,3.202,1.43,0.557,1.712,2.529
"0245",0.409,0.008,2.695,3.576,3.666,1.812,2.606,0.036,4.682,1.084
"0246",1.287,4.571,3.383,1.184,2.488,4.71,0.167,0.808,3.625,2.327
"0247",2.337,4.993,4.904,4.644,0.707,4.652,0.025,4.955,3.747,2.977
"0248",0.504,1.951,2.879,3.615,2.954,1.118,3.426,1.48,2.803,0.334
"0249",2.852,3.8,0.628,2.652,3.856,3.047,2.806,3.573,4.84,1.298
"0250",2.414,2.902,2.631,4.512,1.607,0.388,2.338,2.942,1.79,1.839
"0251",1.15,1.696,4.396,0.138,4.948,2.932,4.667,3.496,4.619,2.463
"0252",3.219,1.83,2.118,4.454,4.538,1.519,2.482,3.745,0.879,4.257
"0253",3.82,0.645,4.694,0.071,0.911,4.205,3.215,2.672,4.4,3.467
"0254",4.329,4.102,0.564,3.272,2.321,4.558,4.596,1.783,1.078,2.214
"0255",0.91,4.316,2.756,2.098,1.564,2.055,0.449,0.594,4.579,3.883
"0256",0.071,4.338,3.255,4.732,1.04,4.552,3.992,2.441,3.883,1.449
"0257",1.742,3.236,2.177,0.176,2.271,4.476,1.135,2.518,0.711,3.714
"0258",0.113,2.416,4.248,3.994,0.105,2.484,2.93,0.846,1.105,1.459
"0259",4.476,3.868,3.379,2.47,0.399,4.891,4.986,0.009,1.596,0.849
"0260",4.656,2.675,4.493,2.337,1.512,1.663,4.817,0.508,2.05,1.921
"0261",4.682,3.532,3.24,4.598,1.754,3.736,4.77,1.379,4.533,4.114
"0262",2.598,2.052,0.847,3.529,4.962,0.722,3.6,4.366,1.348,0.731
"0263",2.986,4.703,4.023,3.517,0.949,2.638,2.416,1.447,4.315,1.875
"0264",3.409,3.062,4.876,2.996,1.11,0.741,3.365,0.262,3.108,1.742
"0265",0.126,4.444,3.501,1.449,4.353,3.609,2.018,0.297,3.882,1.404
"0266",2.245,1.166,4.505,4.997,4.018,0.045,3.912,4.04,1.991,0.692
"0267",3.784,4.012,4.03,3.349,0.732,3.595,0.115,2.132,3.866,2.214
"0268",1.779,0.093,2.958,2.255,3.389,2.236,2.863,4.238,2.958,2.323
"0269",3.485,0.756,3.798,1.726,3.638,1.841,3.364,3.776,1.457,2.768
"0270",1.461,4.762,1.213,1.642,4.696,4.401,3.755,2.702,3.289,4.256
"0271",0.341,4.044,1.482,4.609,0.777,3.204,0.716,3.341,0.947,2.671
"0272",4.567,2.524,1.443,3.498,4.719,0.582,0.607,0.512,0.403,1.943
"0273",1.447,3.375,0.374,4.732,1.597,3.205,4.57,2.625,3.651,4.164
"0274",4.595,3.884,1.154,0.23,0.153,1.175,0.555,4.635,0.381,0.82
"0275",2.393,2.92,3.493,0.033,3.481,0.071,2.362,1.383,1.182,0.219
"0276",4.506,3.01,3.983,0.312,1.488,0.934,1.399,2.985,3.713,2.825
"0277",1.657,2.116,4.614,2.145,2.773,1.265,0.191,1.079,1.879,4.718
"0278",4.62,0.796,4.806,1.413,1.202,1.79,3.41,4.451,3.461,4.154
"0279",4.59,3.739,3.153,4.31,1.07,4.854,1.958,2.079,4.669,3.455
"0280",3.855,1.107,3.972,3.232,4.505,0.235,0.47,2.909,2.069,3.839
"0281",3.771,3.832,4.57,1.097,2.525,0.883,2.318,2.941,1.768,4.319
"0282",4.189,1.519,2.627,1.699,2.69,2.312,1.673,3.789,4.256,0.464
"0283",2.663,0.168,2.039,0.279,3.954,0.262,0.202,3.282,2.756,4.482
"0284",4.725,3.404,0.428,2.527,1.912,1.416,4.44,4.837,1.556,1.831
"0285",2.155,4.668,0.08,4.13,1.379,4.628,0.375,1.03,1.722,3.987
"0286",1.453,0.407,2.143,2.435,4.778,0.344,4.202,4.626,2.16,4.659
"0287",2.675,4.732,2.419,3.373,4.982,2.979,3.138,2.844,2.513,4.892
"0288",4.282,1.039,2.482,1.092,0.617,0.923,3.603,1.925,1.105,2.45
"0289",4.859,3.073,2.759,3.009,2.825,4.208,0.679,2.764,2.559,2.736
"0290",3.034,0.482,2.235,4.837,3.814,2.574,4.358,2.066,0.327,1.53
"0291",2.001,0.821,0.96,4.281,1.086,3.237,2.94,2.915,1.823,2.901
"0292",2.372,2.207,0.226,4.879,0.492,3.698,0.089,0.708,2.942,0.125
"0293",1.111,2.291,3.45,3.829,1.753,4.482,1.805,1.082,2.799,0.039
"0294",1.848,2.684,3.494,1.415,0.231,1.046,2.776,0.239,0.175,4.82
"0295",3.817,1.311,4.334,3.173,0.202,1.164,2.444,1.105,4.401,1.412
"0296",1.228,1.571,1.037,1.223,2.018,1.873,2.114,4.719,0.354,2.852
"0297",0.226,3.957,3.195,0.167,2.034,3.075,0.852,0.459,3.351,4.764
"0298",4.701,2.763,1.727,4.274,2.292,0.264,3.689,1.585,0.491,1.983
"0299",3.73,4.011,3.452,3.209,4.616,2.958,4.244,3.161,1.983,3.871
"0300",3.981,0.563,2.161,3.065,3.568,0.907,3.747,1.052,0.551,2.927
"0301",1.017,0.488,1.861,2.887,2.336,2.476,1.811,1.201,2.69,2.513
"0302",3.169,4.455,2.501,3.979,3.357,4.672,4.919,3.794,1.57,2.382
"0303",4.169,4.923,0.689,4.105,1.084,2.205,3.619,4.628,4.402,4.497
"0304",2.766,0.565,0.7,2.165,1.001,1.21,2.756,3.562,1.724,0.229
"0305",0.326,2.219,3.073,3.974,1.992,4.846,4.201,0.333,3.272,3.962
"0306",2.446,3.939,4.569,4.595,1.946,3.983,2.572,4.63,3.871,4.053
"0307",1.895,2.609,1.933,3.354,1.481,1.598,1.712,0.949,4.024,1.661
"0308",1.559,4.846,3.079,2.533,2.031,3.647,4.114,3.569,3.072,2.569
"0309",1.277,4.666,4.743,3.867,0.279,1.666,4.578,2.269,0.24,1.914
"0310",4.104,0.033,2.879,2.965,0.151,4.638,0.653,2.515,4.585,4.67
"0311",4.445,2.542,0.885,3.26,0.676,3.128,1.668,3.522,0.573,3.198
"0312",4.606,3.026,3.986,1.394,3.914,1.074,2.364,1.328,0.328,4.422
"0313",4.274,2.104,0.725,1.988,2.733,4.126,2.604,0.944,3.209,0.813
"0314",2.775,1.137,1.291,1.456,4.835,0.32,2.21,3.82,4.504,3.563
"0315",0.115,1.877,1.02,2.892,3.709,0.7,3.582,1.959,2.938,2.004
"0316",2.355,3.636,2.928,3.13,4.548,4.907,4.757,0.242,3.478,3.088
"0317",2.076,3.788,4.236,0.431,2.98,0.231,1.452,1.733,0.91,4.201
"0318",2.457,4.653,4.655,0.218,4.983,0.17,0.14,1.546,0.829,1.485
"0319",3.67,4.321,4.195,1.545,0.017,0.511,0.78,4.787,0.383,4.501
"0320",4.078,1.341,2.796,3.152,1.185,4.925,3.771,1.224,0.553,4.539
"0321",2.123,1.613,3.1,2.575,4.04,1.625,3.121,1.942,2.481,4.082
"0322",3.984,2.315,3.772,0.992,3.56,0.958,0.413,2.902,3.621,1.303
"0323",1.853,3.109,4.888,0.689,1.081,4.123,2.074,1.12,4.59,1.474
"0324",2.747,4.508,0.012,1.597,0.871,2.759,1.902,4.075,4.57,0.68
"0325",0.993,0.044,2.441,2.101,4.416,0.335,2.351,4.59,2.038,2.524
"0326",2.66,3.47,3.711,0.555,4.045,4.116,4.349,3.035,2.103,4.61
"0327",2.499,0.198,2.356,4.128,3.42,2.6,3.131,3.885,0.246,3.369
"0328",3.696,4.77,4.549,1.173,0.066,2.126,0.233,0.522,1.821,2.266
"0329",1.378,2.066,2.199,4.784,2.836,4.94,1.589,2.849,1.323,4.48
"0330",2.75,0.646,4.409,1.436,2.471,4.192,1.54,4.267,0.315,4.751
"0331",2.71,0.746,0.391,3.523,3.103,1.758,0.248,3.13,1.526,4.713
"0332",1.433,3.732,4.764,0.157,4.991,2.744,0.051,0.725,3.196,0.899
"0333",4.785,2.649,0.938,1.302,4.025,2.526,2.311,1.972,3.124,0.752
"0334",2.628,1.032,2.188,3.083,1.642,1.26,1.949,3.848,2.896,4.121
"0335",2.099,0.516,2.526,1.932,2.394,1.299,0.549,1.937,3.355,0.737
"0336",1.674,2.869,3.79,3.283,2.335,1.481,0.927,0.49,0.274,4.919
"0337",2.662,4.194,1.233,1.756,4.117,2.481,1.707,1.641,3.875,4.876
"0338",1.354,0.634,2.383,3.488,1.609,3.047,2.42,4.754,0.353,3.449
"0339",3.581,0.96,3.093,0.375,3.205,3.221,3.372,3.743,0.526,4.221
"0340",3.533,3.834,2.285,4.978,3.912,4.979,3.272,2.861,4.296,4.091
"0341",0.036,3.317,0.996,0.331,1.397,0.442,3.906,0.597,2.907,4.006
"0342",1.545,0.354,4.646,0.98,4.287,4.308,0.702,0.447,3.838,4.182
"0343",3.033,1.513,0.754,0.023,1.123,2.457,3.597,0.048,3.758,4.575
"0344",2.271,3.005,0.262,2.259,4.924,4.696,0.959,4.996,0.342,3.645
"0345",3.37,4.621,1.03,0.143,4.407,2.328,4.691,0.638,4.459,1.83
"0346",1.853,4.865,2.34,4.107,1.533,4.888,1.025,4.303,0.504,2.924
"0347",3.358,0.904,1.692,3.14,1.404,2.242,2.418,2.204,3.534,0.456
"0348",3.735,3.555,3.158,2.065,1.487,4.483,1.661,2.751,4.664,4.276
"0349",3.727,1.544,1.613,0.99,4.93,2.413,0.26,2.4,1.989,3.052
"0350",3.816,2.968,3.604,2.491,1.906,4.719,1.125,2.888,0.593,0.651
"0351",4.5,1.248,4.429,4.77,1.271,1.898,3.744,1.531,1.168,2.274
"0352",3.507,1.8,3.996,0.809,1.573,2.729,1.836,2.3,3.542,2.171
"0353",3.664,1.867,4.029,2.773,1.39,0.954,3.095,3.317,0.28,0.956
"0354",2.923,0.582,1.595,2.952,1.707,3.132,4.455,2.945,4.154,4.361
"0355",0.927,2.712,3.496,2.289,1.808,4.219,3.004,2.365,2.356,1.9
"0356",3.613,1.796,3.044,0.35,2.935,4.014,0.324,0.053,0.679,3.377
"0357",3.836,3.238,3.331,1.047,4.632,2.723,2.778,3.133,2.777,4.278
"0358",3.974,3.501,4.615,1.494,0.809,0.596,4.447,0.893,1.634,2.521
"0359",0.695,2.376,1.55,0.294,2.943,1.574,2.352,3.965,1.142,4.935
"0360",2.462,4.068,1.433,2.225,0.319,3.667,1.855,1.839,0.203,4.739
"0361",1.51,1.1,1.552,4.942,1.744,0.812,3.656,4.892,2.818,4.52
"0362",4.818,0.079,1.34,3.07,3.251,1.156,0.38,3.356,0.104,0.423
"0363",4.427,1.37,0.368,3.874,4.277,4.555,0.369,1.445,2.375,2.93
"0364",3.916,3.053,3.646,1.933,3.6,2.958,2.034,4.021,0.851,4.43
"0365",1.789,2.952,0.276,2.904,4.514,0.061,4.556,3.363,4.421,3.436
"0366",1.552,2.84,3.317,3.689,2.858,1.939,2.562,4.742,3.149,4.879
"0367",3.742,1.61,0.39,0.539,0.041,2.881,4.316,2.126,4.105,2.587
"0368",3.468,2.002,4.63,3.436,3.721,3.638,2.766,0.236,2.091,0.374
"0369",0.573,3.878,1.84,1.462,0.606,4.754,2.906,3.47,4.318,0.197
"0370",2.039,4.755,3.164,4.993,0.072,2.455,2.402,1.099,3.456,2.249
"0371",0.381,2.026,2.147,4.423,1.667,3.659,4.569,1.418,4.468,2.674
"0372",4.577,2.665,2.587,4.243,1.088,3.142,2.508,1.214,2.137,3.566
"0373",2.736,3.762,1.938,1.375,4.563,2.398,1.557,3.279,2.215,1.846
"0374",3.599,2.417,2.108,1.484,3.71,0.746,2.934,0.005,0.017,4.248
"0375",4.45,2.017,0.028,0.363,0.196,2.616,4.544,3.846,4.041,0.954
"0376",3.382,1.764,4.159,0.604,1.075,0.554,0.327,1.305,2.587,3.203
"0377",4.363,0.734,4.214,3.993,4.167,4.849,1.102,0.146,4.446,1.413
"0378",3.45,4.0,1.259,2.656,4.244,1.983,4.422,3.798,4.578,4.339
"0379",0.027,4.101,2.888,2.233,0.273,2.0,0.897,0.537,3.634,2.754
"0380",4.472,0.645,2.21,0.178,3.804,0.399,2.906,4.523,2.494,1.597
"0381",4.674,1.335,2.604,2.28,2.562,1.27,2.909,0.519,2.258,0.056
"0382",2.338,1.093,0.088,1.849,1.342,3.43,3.626,1.802,2.144,1.469
"0383",1.594,0.306,0.591,1.188,4.887,0.564,3.684,2.199,1.721,1.282
"0384",0.323,2.338,4.648,2.553,4.859,0.183,3.744,2.727,2.945,4.091
"0385",3.478,2.939,0.604,0.636,4.696,3.637,0.488,3.673,1.68,0.903
"0386",0.311,2.894,1.366,4.487,1.125,1.378,3.567,4.665,0.591,2.841
"0387",3.202,0.065,4.66,1.446,4.873,0.212,3.205,1.826,3.867,2.507
"0388",0.908,3.254,1.497,4.256,1.034,2.394,1.513,2.606,4.909,0.217
"0389",3.684,2.754,0.253,4.944,0.921,1.743,4.88,4.214,1.387,3.242
"0390",2.39,4.65,3.246,3.166,4.268,0.203,4.395,4.716,1.489,0.816
"0391",2.66,3.877,3.638,4.973,3.259,1.707,2.248,2.947,4.673,3.55
"0392",1.146,1.482,3.339,0.091,2.647,1.934,3.624,2.511,0.212,1.212
"0393",4.536,2.002,0.918,0.516,3.03,0.751,1.554,2.099,3.18,2.568
"0394",0.638,3.31,4.717,4.091,3.884,3.711,1.819,2.069,3.286,1.464
"0395",2.479,2.29,4.35,0.468,1.158,3.761,1.197,4.08,1.575,1.048
"0396",0.245,0.711,2.971,4.75,2.765,3.151,3.713,4.885,4.484,3.702
"0397",1.776,4.565,4.958,0.767,0.288,1.732,0.876,1.108,0.078,4.297
"0398",3.894,3.755,0.592,3.454,0.12,3.139,3.989,4.714,4.22,2.98
"0399",4.29,4.265,0.582,2.325,2.315,0.252,4.089,3.8,4.293,4.698
"0400",3.799,0.905,2.272,3.086,3.298,0.143,3.108,1.301,1.349,0.625
"0401",2.683,4.768,4.76,1.601,4.58,1.077,3.172,4.062,2.039,4.897
"0402",4.337,4.097,4.439,0.576,4.666,0.026,4.6,1.926,3.259,2.331
"0403",4.534,1.769,3.437,4.473,3.187,2.427,3.194,1.278,0.387,0.548
"0404",0.283,4.358,2.823,3.344,2.852,4.31,2.604,1.941,0.28,3.179
"0405",0.287,0.901,4.191,3.255,1.347,4.517,0.101,4.085,4.306,3.536
"0406",3.994,2.379,4.111,0.033,2.313,1.185,0.395,0.467,3.268,3.481
"0407",3.34,4.2,0.494,3.239,1.422,2.117,1.545,4.057,3.076,3.538
"0408",3.296,1.466,0.889,1.095,1.543,4.656,4.896,2.593,4.828,0.621
"0409",4.133,1.246,4.896,0.113,1.995,1.744,2.139,2.001,2.6,4.642
"0410",3.439,3.7,2.454,4.405,3.873,4.541,3.455,2.212,1.745,1.397
"0411",1.003,1.584,2.808,1.488,3.268,3.965,2.303,0.888,1.077,3.502
"0412",4.583,2.962,1.149,1.405,1.141,3.509,3.391,4.862,4.638,1.414
"0413",0.153,0.349,4.249,4.125,0.136,3.778,0.013,3.803,3.491,1.36
"0414",4.274,2.954,0.77,2.291,3.373,4.463,1.358,2.103,2.159,0.245
"0415",3.106,1.992,4.397,4.727,4.037,3.445,2.558,1.599,2.276,1.942
"0416",4.308,2.102,4.648,4.795,1.4,0.51,1.873,2.825,1.76,2.145
"0417",3.462,3.733,1.341,0.711,2.94,3.561,2.74,1.445,0.799,3.171
"0418",2.612,3.383,3.146,1.81,0.23,4.639,1.495,0.71,1.689,0.067
"0419",4.432,1.877,1.298,2.108,0.728,0.254,3.29,2.299,2.849,1.498
"0420",0.856,3.185,2.542,1.037,0.536,3.551,0.337,1.924,2.73,1.802
"0421",3.434,1.52,0.909,1.134,1.286,0.492,1.301,3.131,1.629,3.332
"0422",1.732,1.498,0.392,1.429,1.363,3.187,0.109,0.854,1.22,1.132
"0423",0.081,1.597,1.47,1.205,4.259,1.899,1.755,4.873,4.135,2.258
"0424",2.406,4.447,2.007,1.381,4.959,2.945,0.744,2.55,3.112,2.727
"0425",0.131,0.906,0.278,4.388,4.333,0.618,4.6,0.822,3.047,4.791
"0426",4.792,0.293,2.843,1.863,4.561,1.511,4.704,4.557,2.958,0.695
"0427",3.286,0.293,0.778,3.828,4.576,1.7,1.16,2.149,1.914,4.425
"0428",1.86,0.945,4.25,2.819,4.439,2.933,4.485,3.662,0.479,0.997
"0429",0.455,1.678,4.744,3.308,1.878,2.169,0.518,2.034,1.619,0.331
"0430",0.095,4.989,1.535,4.284,0.557,0.948,1.267,1.077,4.809,0.001
"0431",0.694,2.925,0.496,0.455,4.926,2.685,0.406,1.125,2.621,3.372
"0432",0.903,3.875,4.908,3.159,2.185,0.045,4.852,3.499,4.08,3.719
"0433",3.871,0.028,0.165,1.648,3.728,3.188,3.806,0.209,4.451,0.504
"0434",0.88,1.59,2.402,0.954,3.449,0.081,3.399,4.799,3.472,4.911
"0435",3.084,4.362,0.694,0.179,2.556,2.312,4.997,4.495,4.115,0.14
"0436",2.116,1.944,1.507,0.529,2.202,2.038,1.531,0.247,4.469,4.165
"0437",2.446,4.1,4.203,0.186,1.473,3.197,4.921,2.27,1.318,0.758
"0438",0.821,4.854,0.464,0.2,3.809,1.653,0.032,4.866,3.615,3.392
"0439",1.806,3.959,0.84,3.574,4.315,1.508,3.84,2.851,4.258,0.097
"0440",4.573,3.863,3.097,1.99,2.787,3.655,1.548,3.706,0.114,2.475
"0441",4.726,3.537,3.277,3.961,1.134,1.807,2.364,1.381,0.364,0.392
"0442",2.513,1.213,2.436,4.746,3.458,0.266,0.92,0.358,2.962,0.755
"0443",1.948,1.461,3.838,2.87,3.11,4.155,2.081,3.274,4.958,2.05
"0444",3.274,3.866,4.515,1.03,2.196,0.274,4.787,1.242,1.46,1.955
"0445",4.918,2.303,0.11,3.973,3.446,3.67,4.17,4.34,2.505,3.643
"0446",0.505,4.385,1.565,0.978,3.89,3.171,2.513,2.898,4.75,2.071
"0447",4.155,1.224,3.621,3.888,0.861,1.059,5.0,4.04,3.263,1.75
"0448",1.096,0.321,1.839,3.146,3.657,2.361,0.551,2.445,4.204,0.339
"0449",4.084,4.733,3.882,0.799,3.963,3.771,4.786,3.168,4.612,2.639
"0450",0.834,2.33,1.348,1.132,4.882,2.578,1.641,2.43,0.458,1.081
"0451",3.149,1.439,0.227,4.037,3.03,3.524,0.115,1.067,1.382,3.631
"0452",3.494,2.66,1.033,3.39,0.816,4.528,0.873,4.445,0.728,1.352
"0453",3.157,2.905,2.729,1.264,1.006,2.007,4.865,2.819,1.243,4.153
"0454",3.228,2.961,1.583,4.809,2.459,1.351,2.887,4.106,0.103,3.388
"0455",3.262,3.964,2.131,1.726,4.217,1.943,3.356,0.714,0.707,1.689
"0456",4.88,1.068,3.231,4.44,2.814,0.052,1.415,1.02,4.315,1.692
"0457",2.139,0.463,0.805,3.144,4.986,4.545,1.646,3.582,3.287,3.147
"0458",4.288,0.177,0.562,1.134,4.695,3.204,0.394,4.746,2.262,1.726
"0459",3.93,3.876,4.441,3.304,3.105,4.078,2.416,1.287,2.082,4.488
"0460",3.051,0.858,3.623,3.236,1.661,3.009,1.429,4.612,4.045,2.749
"0461",3.812,3.574,2.986,0.99,2.418,0.922,3.827,1.472,3.978,0.376
"0462",4.186,2.365,3.355,1.004,2.831,3.712,4.753,1.676,0.24,3.517
"0463",1.771,4.851,1.289,1.954,2.615,2.046,1.88,1.638,3.538,2.359
"0464",2.377,2.671,4.668,4.898,3.622,2.076,2.166,3.635,0.892,2.263
"0465",1.053,1.873,1.79,4.728,0.499,4.965,1.261,3.992,1.551,4.089
"0466",0.028,2.595,0.339,0.465,2.624,1.489,1.871,3.681,4.756,2.557
"0467",3.695,2.91,2.665,4.365,2.558,1.3,0.877,4.801,4.729,1.973
"0468",3.646,3.918,2.72,1.042,2.149,3.259,3.782,0.847,0.832,0.709
"0469",0.353,2.967,3.697,2.315,0.489,4.244,0.263,2.762,4.666,3.704
"0470",3.623,1.408,4.37,2.808,4.794,4.907,1.848,4.127,0.906,3.657
"0471",1.427,3.784,3.569,1.014,1.633,4.712,3.935,0.688,4.008,2.434
"0472",0.589,0.117,4.127,1.47,3.365,0.739,4.758,2.587,0.571,0.352
"0473",0.297,2.306,2.151,2.474,0.484,4.566,3.469,2.497,4.128,3.931
"0474",0.11,0.003,4.904,4.949,4.21,0.556,3.088,2.966,2.225,3.195
"0475",0.793,1.704,2.749,0.455,1.607,1.373,1.663,3.386,3.611,1.438
"0476",2.036,1.268,1.327,3.704,3.39,2.176,0.849,1.184,3.469,0.25
"0477",1.209,2.59,3.576,2.5,4.51,4.152,0.437,1.159,0.53,1.054
"0478",1.463,1.668,0.838,4.731,2.791,1.943,4.014,0.35,0.833,4.328
"0479",2.249,3.295,4.414,4.943,2.954,2.433,1.193,3.117,1.18,2.933
"0480",3.193,0.476,4.406,1.887,1.466,3.309,2.329,1.37,3.709,2.339
"0481",4.388,2.958,1.51,4.506,0.887,4.176,1.685,0.508,4.972,0.063
"0482",4.1,0.779,4.554,4.489,0.914,4.382,0.462,1.179,4.765,0.738
"0483",0.846,4.25,2.938,4.222,2.23,2.214,3.56,0.278,0.972,1.275
"0484",3.769,2.056,3.232,1.468,1.887,4.314,4.697,0.676,3.481,2.519
"0485",4.371,3.474,3.881,1.515,3.799,3.957,1.665,0.07,0.381,1.196
"0486",1.887,2.05,3.758,4.859,3.392,1.212,4.616,2.406,1.72,3.281
"0487",2.607,0.126,3.18,2.333,2.769,1.982,2.503,4.217,3.569,1.029
"0488",2.341,2.16,0.797,1.08,0.844,1.807,4.943,1.258,1.27,2.441
"0489",4.151,3.822,0.871,3.251,0.664,3.537,4.798,1.248,0.316,1.827
"0490",1.306,4.315,4.634,3.547,3.208,3.015,3.164,4.836,0.961,2.317
"0491",4.121,0.019,0.212,4.971,3.963,2.176,2.305,1.745,2.46,2.869
"0492",3.06,2.372,4.884,4.62,4.088,5.0,3.649,3.406,3.083,4.383
"0493",4.7,3.018,2.08,3.717,1.205,0.172,2.179,1.401,1.415,0.723
"0494",3.405,4.239,0.422,3.068,2.35,0.961,3.686,0.208,2.275,2.559
"0495",0.011,2.365,3.847,2.452,4.723,4.611,1.102,0.359,0.786,1.371
"0496",1.909,3.096,3.306,1.169,4.029,2.531,4.19,2.583,0.758,0.035
"0497",3.89,2.474,1.108,3.958,3.789,3.872,0.045,2.57,3.238,3.271
"0498",4.762,3.684,0.15,0.42,2.881,3.623,3.252,0.156,2.222,3.376
"0499",1.571,3.563,3.687,0.429,0.543,2.622,0.806,2.999,0.909,2.488
"0500",0.006,3.391,4.067,0.948,1.856,4.47,3.713,2.909,2.817,1.162